alexandria, ghcr.io/ocicl/qlot@sha256:e1649a692acdd545eee9abc53816de0e94d1ae89e7266d98b121eced93139442, qlot-1.3.0/.bundle-libs/software/alexandria-20231021-git/alexandria.asd
archive, ghcr.io/ocicl/qlot@sha256:e1649a692acdd545eee9abc53816de0e94d1ae89e7266d98b121eced93139442, qlot-1.3.0/.bundle-libs/software/archive-20160318-git/archive.asd
asdf-driver, ghcr.io/ocicl/qlot@sha256:e1649a692acdd545eee9abc53816de0e94d1ae89e7266d98b121eced93139442, qlot-1.3.0/.bundle-libs/software/uiop-3.3.6/asdf-driver.asd
babel, ghcr.io/ocicl/qlot@sha256:e1649a692acdd545eee9abc53816de0e94d1ae89e7266d98b121eced93139442, qlot-1.3.0/.bundle-libs/software/babel-20230214-git/babel.asd
babel-streams, ghcr.io/ocicl/qlot@sha256:e1649a692acdd545eee9abc53816de0e94d1ae89e7266d98b121eced93139442, qlot-1.3.0/.bundle-libs/software/babel-20230214-git/babel-streams.asd
babel-tests, ghcr.io/ocicl/qlot@sha256:e1649a692acdd545eee9abc53816de0e94d1ae89e7266d98b121eced93139442, qlot-1.3.0/.bundle-libs/software/babel-20230214-git/babel-tests.asd
bordeaux-threads, ghcr.io/ocicl/qlot@sha256:e1649a692acdd545eee9abc53816de0e94d1ae89e7266d98b121eced93139442, qlot-1.3.0/.bundle-libs/software/bordeaux-threads-v0.9.3/bordeaux-threads.asd
cffi, ghcr.io/ocicl/qlot@sha256:e1649a692acdd545eee9abc53816de0e94d1ae89e7266d98b121eced93139442, qlot-1.3.0/.bundle-libs/software/cffi-20231021-git/cffi.asd
cffi-examples, ghcr.io/ocicl/qlot@sha256:e1649a692acdd545eee9abc53816de0e94d1ae89e7266d98b121eced93139442, qlot-1.3.0/.bundle-libs/software/cffi-20231021-git/cffi-examples.asd
cffi-grovel, ghcr.io/ocicl/qlot@sha256:e1649a692acdd545eee9abc53816de0e94d1ae89e7266d98b121eced93139442, qlot-1.3.0/.bundle-libs/software/cffi-20231021-git/cffi-grovel.asd
cffi-libffi, ghcr.io/ocicl/qlot@sha256:e1649a692acdd545eee9abc53816de0e94d1ae89e7266d98b121eced93139442, qlot-1.3.0/.bundle-libs/software/cffi-20231021-git/cffi-libffi.asd
cffi-tests, ghcr.io/ocicl/qlot@sha256:e1649a692acdd545eee9abc53816de0e94d1ae89e7266d98b121eced93139442, qlot-1.3.0/.bundle-libs/software/cffi-20231021-git/cffi-tests.asd
cffi-toolchain, ghcr.io/ocicl/qlot@sha256:e1649a692acdd545eee9abc53816de0e94d1ae89e7266d98b121eced93139442, qlot-1.3.0/.bundle-libs/software/cffi-20231021-git/cffi-toolchain.asd
cffi-uffi-compat, ghcr.io/ocicl/qlot@sha256:e1649a692acdd545eee9abc53816de0e94d1ae89e7266d98b121eced93139442, qlot-1.3.0/.bundle-libs/software/cffi-20231021-git/cffi-uffi-compat.asd
chipz, ghcr.io/ocicl/qlot@sha256:e1649a692acdd545eee9abc53816de0e94d1ae89e7266d98b121eced93139442, qlot-1.3.0/.bundle-libs/software/chipz-20230618-git/chipz.asd
chunga, ghcr.io/ocicl/qlot@sha256:e1649a692acdd545eee9abc53816de0e94d1ae89e7266d98b121eced93139442, qlot-1.3.0/.bundle-libs/software/chunga-20231021-git/chunga.asd
cl-base64, ghcr.io/ocicl/qlot@sha256:e1649a692acdd545eee9abc53816de0e94d1ae89e7266d98b121eced93139442, qlot-1.3.0/.bundle-libs/software/cl-base64-20201016-git/cl-base64.asd
cl-change-case, ghcr.io/ocicl/qlot@sha256:e1649a692acdd545eee9abc53816de0e94d1ae89e7266d98b121eced93139442, qlot-1.3.0/.bundle-libs/software/cl-change-case-20231021-git/cl-change-case.asd
cl-cookie, ghcr.io/ocicl/qlot@sha256:e1649a692acdd545eee9abc53816de0e94d1ae89e7266d98b121eced93139442, qlot-1.3.0/.bundle-libs/software/cl-cookie-20220707-git/cl-cookie.asd
cl-cookie-test, ghcr.io/ocicl/qlot@sha256:e1649a692acdd545eee9abc53816de0e94d1ae89e7266d98b121eced93139442, qlot-1.3.0/.bundle-libs/software/cl-cookie-20220707-git/cl-cookie-test.asd
cl-fad, ghcr.io/ocicl/qlot@sha256:e1649a692acdd545eee9abc53816de0e94d1ae89e7266d98b121eced93139442, qlot-1.3.0/.bundle-libs/software/cl-fad-20220220-git/cl-fad.asd
cl-postgres_plus_local-time, ghcr.io/ocicl/qlot@sha256:e1649a692acdd545eee9abc53816de0e94d1ae89e7266d98b121eced93139442, qlot-1.3.0/.bundle-libs/software/local-time-20231021-git/cl-postgres+local-time.asd
cl-ppcre, ghcr.io/ocicl/qlot@sha256:e1649a692acdd545eee9abc53816de0e94d1ae89e7266d98b121eced93139442, qlot-1.3.0/.bundle-libs/software/cl-ppcre-20230618-git/cl-ppcre.asd
cl-ppcre-unicode, ghcr.io/ocicl/qlot@sha256:e1649a692acdd545eee9abc53816de0e94d1ae89e7266d98b121eced93139442, qlot-1.3.0/.bundle-libs/software/cl-ppcre-20230618-git/cl-ppcre-unicode.asd
cl-unicode, ghcr.io/ocicl/qlot@sha256:e1649a692acdd545eee9abc53816de0e94d1ae89e7266d98b121eced93139442, qlot-1.3.0/.bundle-libs/software/cl-unicode-20210228-git/cl-unicode.asd
cl-utilities, ghcr.io/ocicl/qlot@sha256:e1649a692acdd545eee9abc53816de0e94d1ae89e7266d98b121eced93139442, qlot-1.3.0/.bundle-libs/software/cl-utilities-1.2.4/cl-utilities.asd
cl_plus_ssl, ghcr.io/ocicl/qlot@sha256:e1649a692acdd545eee9abc53816de0e94d1ae89e7266d98b121eced93139442, qlot-1.3.0/.bundle-libs/software/cl+ssl-20231021-git/cl+ssl.asd
cl_plus_ssl.test, ghcr.io/ocicl/qlot@sha256:e1649a692acdd545eee9abc53816de0e94d1ae89e7266d98b121eced93139442, qlot-1.3.0/.bundle-libs/software/cl+ssl-20231021-git/cl+ssl.test.asd
deflate, ghcr.io/ocicl/qlot@sha256:e1649a692acdd545eee9abc53816de0e94d1ae89e7266d98b121eced93139442, qlot-1.3.0/.bundle-libs/software/deflate-20230618-git/deflate.asd
dexador, ghcr.io/ocicl/qlot@sha256:e1649a692acdd545eee9abc53816de0e94d1ae89e7266d98b121eced93139442, qlot-1.3.0/.bundle-libs/software/dexador-20231021-git/dexador.asd
dexador-test, ghcr.io/ocicl/qlot@sha256:e1649a692acdd545eee9abc53816de0e94d1ae89e7266d98b121eced93139442, qlot-1.3.0/.bundle-libs/software/dexador-20231021-git/dexador-test.asd
fast-http, ghcr.io/ocicl/qlot@sha256:e1649a692acdd545eee9abc53816de0e94d1ae89e7266d98b121eced93139442, qlot-1.3.0/.bundle-libs/software/fast-http-20231021-git/fast-http.asd
fast-http-test, ghcr.io/ocicl/qlot@sha256:e1649a692acdd545eee9abc53816de0e94d1ae89e7266d98b121eced93139442, qlot-1.3.0/.bundle-libs/software/fast-http-20231021-git/fast-http-test.asd
fast-io, ghcr.io/ocicl/qlot@sha256:e1649a692acdd545eee9abc53816de0e94d1ae89e7266d98b121eced93139442, qlot-1.3.0/.bundle-libs/software/fast-io-20221106-git/fast-io.asd
fast-io-test, ghcr.io/ocicl/qlot@sha256:e1649a692acdd545eee9abc53816de0e94d1ae89e7266d98b121eced93139442, qlot-1.3.0/.bundle-libs/software/fast-io-20221106-git/fast-io-test.asd
flexi-streams, ghcr.io/ocicl/qlot@sha256:e1649a692acdd545eee9abc53816de0e94d1ae89e7266d98b121eced93139442, qlot-1.3.0/.bundle-libs/software/flexi-streams-20220220-git/flexi-streams.asd
flexi-streams-test, ghcr.io/ocicl/qlot@sha256:e1649a692acdd545eee9abc53816de0e94d1ae89e7266d98b121eced93139442, qlot-1.3.0/.bundle-libs/software/flexi-streams-20220220-git/flexi-streams-test.asd
fuzzy-match, ghcr.io/ocicl/qlot@sha256:e1649a692acdd545eee9abc53816de0e94d1ae89e7266d98b121eced93139442, qlot-1.3.0/.bundle-libs/software/fuzzy-match-20210124-git/fuzzy-match.asd
global-vars, ghcr.io/ocicl/qlot@sha256:e1649a692acdd545eee9abc53816de0e94d1ae89e7266d98b121eced93139442, qlot-1.3.0/.bundle-libs/software/global-vars-20141106-git/global-vars.asd
global-vars-test, ghcr.io/ocicl/qlot@sha256:e1649a692acdd545eee9abc53816de0e94d1ae89e7266d98b121eced93139442, qlot-1.3.0/.bundle-libs/software/global-vars-20141106-git/global-vars-test.asd
ironclad, ghcr.io/ocicl/qlot@sha256:e1649a692acdd545eee9abc53816de0e94d1ae89e7266d98b121eced93139442, qlot-1.3.0/.bundle-libs/software/ironclad-v0.59/ironclad.asd
ironclad-text, ghcr.io/ocicl/qlot@sha256:e1649a692acdd545eee9abc53816de0e94d1ae89e7266d98b121eced93139442, qlot-1.3.0/.bundle-libs/software/ironclad-v0.59/ironclad-text.asd
local-time, ghcr.io/ocicl/qlot@sha256:e1649a692acdd545eee9abc53816de0e94d1ae89e7266d98b121eced93139442, qlot-1.3.0/.bundle-libs/software/local-time-20231021-git/local-time.asd
mk-string-metrics, ghcr.io/ocicl/qlot@sha256:e1649a692acdd545eee9abc53816de0e94d1ae89e7266d98b121eced93139442, qlot-1.3.0/.bundle-libs/software/mk-string-metrics-20180131-git/mk-string-metrics.asd
mk-string-metrics-tests, ghcr.io/ocicl/qlot@sha256:e1649a692acdd545eee9abc53816de0e94d1ae89e7266d98b121eced93139442, qlot-1.3.0/.bundle-libs/software/mk-string-metrics-20180131-git/mk-string-metrics-tests.asd
proc-parse, ghcr.io/ocicl/qlot@sha256:e1649a692acdd545eee9abc53816de0e94d1ae89e7266d98b121eced93139442, qlot-1.3.0/.bundle-libs/software/proc-parse-20190813-git/proc-parse.asd
proc-parse-test, ghcr.io/ocicl/qlot@sha256:e1649a692acdd545eee9abc53816de0e94d1ae89e7266d98b121eced93139442, qlot-1.3.0/.bundle-libs/software/proc-parse-20190813-git/proc-parse-test.asd
qlot, ghcr.io/ocicl/qlot@sha256:e1649a692acdd545eee9abc53816de0e94d1ae89e7266d98b121eced93139442, qlot-1.3.0/qlot.asd
quicklisp, ghcr.io/ocicl/qlot@sha256:e1649a692acdd545eee9abc53816de0e94d1ae89e7266d98b121eced93139442, qlot-1.3.0/.qlot/quicklisp/quicklisp.asd
quri, ghcr.io/ocicl/qlot@sha256:e1649a692acdd545eee9abc53816de0e94d1ae89e7266d98b121eced93139442, qlot-1.3.0/.bundle-libs/software/quri-20230618-git/quri.asd
quri-test, ghcr.io/ocicl/qlot@sha256:e1649a692acdd545eee9abc53816de0e94d1ae89e7266d98b121eced93139442, qlot-1.3.0/.bundle-libs/software/quri-20230618-git/quri-test.asd
smart-buffer, ghcr.io/ocicl/qlot@sha256:e1649a692acdd545eee9abc53816de0e94d1ae89e7266d98b121eced93139442, qlot-1.3.0/.bundle-libs/software/smart-buffer-20211020-git/smart-buffer.asd
smart-buffer-test, ghcr.io/ocicl/qlot@sha256:e1649a692acdd545eee9abc53816de0e94d1ae89e7266d98b121eced93139442, qlot-1.3.0/.bundle-libs/software/smart-buffer-20211020-git/smart-buffer-test.asd
split-sequence, ghcr.io/ocicl/qlot@sha256:e1649a692acdd545eee9abc53816de0e94d1ae89e7266d98b121eced93139442, qlot-1.3.0/.bundle-libs/software/split-sequence-v2.0.1/split-sequence.asd
static-vectors, ghcr.io/ocicl/qlot@sha256:e1649a692acdd545eee9abc53816de0e94d1ae89e7266d98b121eced93139442, qlot-1.3.0/.bundle-libs/software/static-vectors-v1.8.9/static-vectors.asd
str, ghcr.io/ocicl/qlot@sha256:e1649a692acdd545eee9abc53816de0e94d1ae89e7266d98b121eced93139442, qlot-1.3.0/.bundle-libs/software/cl-str-20231021-git/str.asd
str.test, ghcr.io/ocicl/qlot@sha256:e1649a692acdd545eee9abc53816de0e94d1ae89e7266d98b121eced93139442, qlot-1.3.0/.bundle-libs/software/cl-str-20231021-git/str.test.asd
trivial-features, ghcr.io/ocicl/qlot@sha256:e1649a692acdd545eee9abc53816de0e94d1ae89e7266d98b121eced93139442, qlot-1.3.0/.bundle-libs/software/trivial-features-20230618-git/trivial-features.asd
trivial-features-tests, ghcr.io/ocicl/qlot@sha256:e1649a692acdd545eee9abc53816de0e94d1ae89e7266d98b121eced93139442, qlot-1.3.0/.bundle-libs/software/trivial-features-20230618-git/trivial-features-tests.asd
trivial-garbage, ghcr.io/ocicl/qlot@sha256:e1649a692acdd545eee9abc53816de0e94d1ae89e7266d98b121eced93139442, qlot-1.3.0/.bundle-libs/software/trivial-garbage-20231021-git/trivial-garbage.asd
trivial-gray-streams, ghcr.io/ocicl/qlot@sha256:e1649a692acdd545eee9abc53816de0e94d1ae89e7266d98b121eced93139442, qlot-1.3.0/.bundle-libs/software/trivial-gray-streams-20231021-git/trivial-gray-streams.asd
trivial-gray-streams-test, ghcr.io/ocicl/qlot@sha256:e1649a692acdd545eee9abc53816de0e94d1ae89e7266d98b121eced93139442, qlot-1.3.0/.bundle-libs/software/trivial-gray-streams-20231021-git/trivial-gray-streams-test.asd
trivial-mimes, ghcr.io/ocicl/qlot@sha256:e1649a692acdd545eee9abc53816de0e94d1ae89e7266d98b121eced93139442, qlot-1.3.0/.bundle-libs/software/trivial-mimes-20231021-git/trivial-mimes.asd
uffi, ghcr.io/ocicl/qlot@sha256:e1649a692acdd545eee9abc53816de0e94d1ae89e7266d98b121eced93139442, qlot-1.3.0/.bundle-libs/software/cffi-20231021-git/uffi-compat/uffi.asd
uiop, ghcr.io/ocicl/qlot@sha256:e1649a692acdd545eee9abc53816de0e94d1ae89e7266d98b121eced93139442, qlot-1.3.0/.bundle-libs/software/uiop-3.3.6/uiop.asd
usocket, ghcr.io/ocicl/qlot@sha256:e1649a692acdd545eee9abc53816de0e94d1ae89e7266d98b121eced93139442, qlot-1.3.0/.bundle-libs/software/usocket-0.8.6/usocket.asd
usocket-server, ghcr.io/ocicl/qlot@sha256:e1649a692acdd545eee9abc53816de0e94d1ae89e7266d98b121eced93139442, qlot-1.3.0/.bundle-libs/software/usocket-0.8.6/usocket-server.asd
usocket-test, ghcr.io/ocicl/qlot@sha256:e1649a692acdd545eee9abc53816de0e94d1ae89e7266d98b121eced93139442, qlot-1.3.0/.bundle-libs/software/usocket-0.8.6/usocket-test.asd
xsubseq, ghcr.io/ocicl/qlot@sha256:e1649a692acdd545eee9abc53816de0e94d1ae89e7266d98b121eced93139442, qlot-1.3.0/.bundle-libs/software/xsubseq-20170830-git/xsubseq.asd
xsubseq-test, ghcr.io/ocicl/qlot@sha256:e1649a692acdd545eee9abc53816de0e94d1ae89e7266d98b121eced93139442, qlot-1.3.0/.bundle-libs/software/xsubseq-20170830-git/xsubseq-test.asd
yason, ghcr.io/ocicl/qlot@sha256:e1649a692acdd545eee9abc53816de0e94d1ae89e7266d98b121eced93139442, qlot-1.3.0/.bundle-libs/software/yason-20230214-git/yason.asd
